ID,Owner,Tree Farm,Site #,Treatment,Survey Date,Subplot #,Subplot Code,Lat,Long,Elevation,Start Time,Temp,Humidity,Weather,Canopy Cover,CWD Cover,Veg Cover,FWD Cover,Uphill bearing,Downhill bearing,Litter 1,Litter 2,Litter 3,Soil Moist 1,us,Soil Moist 2,us,Soil Moist 3,us,Soil Moist Avg,Litter Avg,Notes
1,WY,,10506,BS,3/13/2023,1,WY10506_BS_01,45.083879,122.422965,,,43,89.9,R,0,1,1,1,,,0,0,0,41.5,1.794,39.7,1.758,38.5,1.735,39.9,0,
2,WY,,10506,BS,3/13/2023,2,WY10506_BS_02,45.083989,122.422676,,,33.7,100,SN,0,1,1,2,,,1,2,0,36.9,1.707,23.8,1.564,41.6,1.794,34.1,1,
3,WY,,10506,BS,3/13/2023,3,WY10506_BS_03,45.083636,122.422833,,,39.8,97.5,R,0,1,1,1,,,0,0,0,40.4,1.773,42.1,1.806,35,1.672,39.16666667,0,
4,WY,,10506,BS,3/13/2023,4,WY10506_BS_04,45.083653,122.422996,,,40.3,100,R,0,1,1,1,,,1,0,0,38.5,1.734,38.9,1.742,32.5,1.628,36.63333333,0.333333333,
5,WY,,10506,BS,3/13/2023,5,WY10506_BS_05,45.083696,122.423232,,,45.9,96.8,R,0,1,1,2,,,1,0,0,37.8,1.727,39.8,1.76,36.3,1.692,37.96666667,0.333333333,
6,WY,,10506,BS,3/13/2023,6,WY10506_BS_06,45.083997,122.423215,,,37,100,SN,0,1,1,1,,,6,2,1,32.2,1.623,31.8,1.22,40.1,1.767,34.7,3,
7,WY,,10506,BS,3/13/2023,7,WY10506_BS_07,45.084065,122.4228998,,,36.1,100,R,0,1,1,2,,,0,1,0,39.4,1.752,31.9,1.619,32.1,1.622,34.46666667,0.333333333,
8,WY,,10467,HB,3/14/2023,1,WY10467_HB_01,45.079726,122.410628,,,32.3,94.8,PC,0,1,1,1,,,0,1,0,19.3,1.418,35.3,1.679,38.3,1.732,30.96666667,0.333333333,
9,WY,,10467,HB,3/14/2023,2,WY10467_HB_02,45.079585,122.410308,,,34.5,93.2,PC,0,1,3,1,,,0,1,1,22.4,1.467,26.9,1.538,34.4,1.663,27.9,0.666666667,
10,WY,,10467,HB,3/14/2023,3,WY10467_HB_03,45.0749142,122.410755,,,34,85,PC,0,1,3,1,,,1,0,0,32.8,1.633,25.5,1.516,35.7,1.684,31.33333333,0.333333333,
11,WY,,10467,HB,3/14/2023,4,WY10467_HB_04,45.0796,122.41102,,,31.2,92.4,PC,0,1,4,1,,,1.5,1,T,23.5,1.484,28.1,1.557,31.6,1.614,27.73333333,1.25,
12,WY,,10467,HB,3/14/2023,5,WY10467_HB_05,45.079878,122.411029,,,31.7,86.8,PC,0,1,2,1,,,0,0.5,0.5,16.9,1.348,24.5,1.499,33.8,1.651,25.06666667,0.333333333,
13,WY,,10467,HB,3/14/2023,6,WY10467_HB_06,45.080006,122.410608,,,33.5,85.9,PC,0,1,4,1,,,T,T,1,14,1.336,37.9,1.762,35.9,1.688,29.26666667,1,
14,WY,,10467,HB,3/14/2023,7,WY10467_HB_07,45.079881,122.410216,,,34.4,86.4,PC,0,1,3,1,,,1,T,T,29.1,1.572,32.9,1.635,29.4,1.578,30.46666667,1,
15,WY,,10078,HB,3/15/2023,1,WY10078_HB_01,45.094977,122.396292,,,37.1,89.7,SN,0,1,3,1,,,0,0,T,19.2,1.417,22.5,1.468,37.5,1.716,26.4,0,
16,WY,,10078,HB,3/15/2023,2,WY10078_HB_02,,,,,36.2,86.3,C,0,1,4,1,,,T,T,T,25.7,1.518,29.2,1.574,30.1,1.588,28.33333333,T,
17,WY,,10078,HB,3/15/2023,3,WY10078_HB_03,,,,,36.8,83.2,SN,0,1,3,1,,,T,T,0,26.8,1.536,24.1,1.494,27.3,1.544,26.06666667,0,
18,WY,,10078,HB,3/15/2023,4,WY10078_HB_04,,,,,36.2,92.1,C,0,1,3,1,,,0,T,T,32.6,1.631,31.5,1.612,32.6,1.629,32.23333333,0,
19,WY,,10078,HB,3/15/2023,5,WY10078_HB_05,45.09457,122.39622,,,39.1,87.4,PC,0,1,3,1,,,0.5,T,0,32.9,1.637,37.3,1.712,28.9,1.57,33.03333333,0.25,
20,WY,,10078,HB,3/15/2023,6,WY10078_HB_06,45.09463,122.39655,,,38.5,91.9,PC,0,1,4,1,,,T,0,0,35.4,1.679,29.8,1.585,30.3,1.591,31.83333333,0,
21,WY,,10078,HB,3/15/2023,7,WY10078_HB_07,,,,,38,98.3,PC,0,1,4,1,,,0,1,0,20.8,1.442,39.2,1.748,39,1.745,33,0.333333333,
22,BLM,,12251,UU,3/15/2023,1,BLM12239_UU_01,45.07887,122.58288,,,51.7,63.7,S,3,2,4,1,,,4,6,4,28.9,1.57,22.9,1.476,17.3,1.356,23.03333333,4.666666667,
23,BLM,,12251,UU,3/15/2023,2,BLM12239_UU_02,,,,,48.3,58.9,PC,3,1,3,2,,,6,3,3,23.1,1.478,27.3,1.544,26.7,1.534,25.7,4,
24,BLM,,12251,UU,3/15/2023,3,BLM12239_UU_03,,,,,51.7,66.4,PC,3,2,3,2,,,T,2,2,23.8,1.489,33.1,1.638,29.9,1.586,28.93333333,2,
25,BLM,,12251,UU,3/15/2023,4,BLM12239_UU_04,,,,,47.3,67.3,PC,2,1,4,2,,,0.5,1,1,33.2,1.639,35.5,1.679,26.8,1.536,31.83333333,0.833333333,
26,BLM,,12251,UU,3/15/2023,5,BLM12239_UU_05,45.07853,122.582999,,,50,54.7,PC,3,1,4,4,,,2,4,6,25.1,1.509,12.6,1.314,23.4,1.483,20.36666667,4,
27,BLM,,12251,UU,3/15/2023,6,BLM12239_UU_06,45.078799,122.58332,,,48.1,56.6,PC,4,1,3,3,,,2,3,1,36.6,1.678,39.4,1.749,51.9,2.036,42.63333333,2,
28,BLM,,12251,UU,3/15/2023,7,BLM12239_UU_07,45.0792,122.583131,,,50.1,62.4,PC,3,2,3,4,,,3,2,10,9.8,1.267,10.2,1.274,6.6,1.211,8.866666667,5,
29,BLM,,13924,UU,3/16/2023,1,BLM13924_UU_01,,,,,34.2,76.7,S,2,1,1,4,,,2,1,4,35.1,1.673,34.5,1.663,29.7,1.582,33.1,2.333333333,
30,BLM,,13924,UU,3/16/2023,2,BLM13924_UU_02,45.036227,122.612906,,,36.5,85.6,PC,3,1,4,3,,,6,3.5,2,20.9,1.446,32.5,1.629,24.4,1.499,25.93333333,3.833333333,pacific wrens!
31,BLM,,13924,UU,3/16/2023,3,BLM13924_UU_03,,,,,33.2,88.4,S,1,1,3,4,,,2,6,3,23.6,1.486,24.1,1.493,28.8,1.568,25.5,3.666666667,
32,BLM,,13924,UU,3/16/2023,4,BLM13924_UU_04,,,,,38.1,79.1,S,3,2,3,4,,,2,1,3,34.1,1.656,34.9,1.669,22.4,1.467,30.46666667,2,
33,BLM,,13924,UU,3/16/2023,5,BLM13924_UU_05,,,,,41.3,81.3,S,1,3,3,2,,,5,5,7,19.7,1.425,17.9,1.399,15.3,1.361,17.63333333,5.666666667,canopy gap from big fallen tree
34,BLM,,13924,UU,3/16/2023,6,BLM13924_UU_06,45.036378,122.613652,,,42.8,80,S,1,2,4,4,,,0,1,1,20.3,1.591,18.2,1.557,15.9,1.366,18.13333333,0.666666667,
35,BLM,,13924,UU,3/16/2023,7,BLM13924_UU_07,,,,,35.4,94.4,C,2,1,3,3,,,4,2,3,19.3,1.418,20.6,1.439,32.5,1.629,24.13333333,3,
36,WY,,10258,BS,3/20/2023,1,WY10258_BS_01,45.00723,122.50957,1894,,45.5,100,C,0,1,1,3,280,117,T,0,0,32.3,1.629,25.2,1.511,34.9,1.669,30.8,0,
37,WY,,10258,BS,3/20/2023,2,WY10258_BS_02,45.00746,122.5099,1898,,43.8,89.2,C,0,2,1,3,280,100,T,1,6,31.2,1.607,24.4,1.492,26.7,1.534,27.43333333,3.5,
38,WY,,10258,BS,3/20/2023,3,WY10258_BS_03,45.007509,122.509542,1901,,45.1,91.7,C,0,1,1,3,289,120,0,0,0,10.2,1.198,11.1,1.289,12.8,1.361,11.36666667,0,
39,WY,,10258,BS,3/20/2023,4,WY10258_BS_04,45.00738,122.50916,1880,,42.4,99.5,C,0,2,1,2,256,108,0,0,1,14.6,1.346,14.4,1.343,17.9,1.398,15.63333333,0.333333333,
40,WY,,10258,BS,3/20/2023,5,WY10258_BS_05,45.007175,122.509086,1877,,44.9,85.6,C,0,1,2,4,317,133,T,0,0,10.7,1.282,20.8,1.442,23,1.477,18.16666667,0,
41,WY,,10258,BS,3/20/2023,6,WY10258_BS_06,45.00692,122.50942,1853,,43.7,85.3,R,0,1,1,1,280,117,T,0,T,7.7,1.226,6.8,1.22,8.1,1.266,7.533333333,0,
42,WY,,10258,BS,3/20/2023,7,WY10258_BS_07,45.007015,122.509886,1901,,42.9,91.7,C,0,1,4,2,320,155,1,0,0,21.2,1.449,25.9,1.521,24.8,1.504,23.96666667,0.333333333,
43,WY,,10488,HB,3/21/2023,1,WY10488_HB_01,45.05027,122.40631,2378,,45.2,76.6,S,0,1,1,1,345,142,T,T,0,17.7,1.395,14.1,1.338,20.4,1.435,17.4,0,
44,WY,,10488,HB,3/21/2023,2,WY10488_HB_02,45.05058,122.40639,2370,,47,60.5,S,0,1,1,1,300,120,0,0,0,7.5,1.266,13.9,1.335,22.9,1.475,14.76666667,0,
45,WY,,10488,HB,3/21/2023,3,WY10488_HB_03,45.05057,122.40608,2361,,48.5,52.2,S,0,1,1,1,280,100,0,0,T,24.6,1.502,22.1,1.463,16.5,1.376,21.06666667,0,
46,WY,,10488,HB,3/21/2023,4,WY10488_HB_04,45.05014,122.40591,2346,,43,79.5,S,0,1,1,1,330,140,0,0,0,20.9,1.443,23.8,1.489,18,1.399,20.9,0,
47,WY,,10488,HB,3/21/2023,5,WY10488_HB_05,45.04998,122.40621,2346,,47.3,78.9,S,0,1,1,,330,140,T,0,T,18.3,1.404,23.8,1.489,17.1,1.386,19.73333333,0,
48,WY,,10488,HB,3/21/2023,6,WY10488_HB_06,45.05005,122.40658,2338,,54.2,62.7,S,0,1,1,1,275,95,0,0,0,26.6,1.533,15.7,1.363,24.6,1.502,22.3,0,
49,WY,,10488,HB,3/21/2023,7,WY10488_HB_07,45.05033,122.40676,2375,,50.2,63.6,S,0,1,1,1,340,140,0,0,0,12.1,1.304,10.7,1.282,20.3,1.434,14.36666667,0,
50,WY,,11079,HB,3/20/2023,1,WY11079_HB_01,45.01457,122.51431,1906,,38.1,98.6,C,0,1,2,2,265,158,0,0,1,21,1.446,30.6,1.597,32.6,1.629,28.06666667,0.333333333,
51,WY,,11079,HB,3/20/2023,2,WY11079_HB_02,45.01473,122.51467,1909,,39.2,89.9,C,0,1,3,1,310,130,0,T,T,24.1,1.493,40.8,1.78,35.5,1.721,33.46666667,0,
52,WY,,11079,HB,3/20/2023,3,WY11079_HB_03,45.014829,122.514361,1909,,40.2,94.8,C,0,1,3,1,320,127,0,0,T,23,1.477,23.5,1.485,32.6,1.631,26.36666667,0,
53,WY,,11079,HB,3/20/2023,4,WY11079_HB_04,45.014602,122.513933,1893,,40.3,89.8,R,0,1,4,1,316,155,1,0,T,19.8,1.426,26.3,1.528,31.1,1.605,25.73333333,0.5,
54,WY,,11079,HB,3/20/2023,5,WY11079_HB_05,45.01431,122.51402,1873,,39.5,100,R,0,1,3,3,290,88,0,T,T,23,1.477,25.4,1.515,25.7,1.519,24.7,0,
55,WY,,11079,HB,3/20/2023,6,WY11079_HB_06,45.01431,122.51431,1886,,41.3,100,C,0,1,3,1,270,90,1,T,0,34.4,1.66,27,1.539,33.9,1.651,31.76666667,0.5,
56,WY,,11079,HB,3/20/2023,7,WY11079_HB_07,45.014383,122.514662,1906,,40.3,90.8,C,0,1,4,1,330,150,0,T,T,20,1.442,31.1,1.605,28.7,1.509,26.6,0,
57,WY,,10403,BS,3/22/2023,1,WY10403_BS_01,45.04679,122.41316,2073,,55.4,54,S,0,1,2,2,15,195,1,3,2,20.6,1.439,19.8,1.426,40,1.78,26.8,2,
58,WY,,10403,BS,3/22/2023,2,WY10403_BS_02,45.04707,122.41298,2106,,55.8,54.5,PC,0,1,2,1,355,175,T,0,0,14.5,1.344,16.4,1.373,20.7,1.441,17.2,0,
59,WY,,10403,BS,3/22/2023,3,WY10403_BS_03,45.04689,122.41275,2096,,55.4,66.7,PC,0,1,2,1,355,175,0,0,T,11.6,1.298,13.3,1.325,21.5,1.453,15.46666667,0,
60,WY,,10403,BS,3/22/2023,4,WY10403_BS_04,45.04662,122.41285,2098,,62.9,58.2,S,0,1,1,2,42,198,1,0,0,31.1,1.605,18.8,1.411,26.8,1.536,25.56666667,0.333333333,
61,WY,,10403,BS,3/22/2023,5,WY10403_BS_05,45.04656,122.914338,2077,,59.2,52.1,S,0,1,1,1,15,195,1,T,T,23.1,1.479,17.9,1.398,12.6,1.313,17.86666667,1,
62,WY,,10403,BS,3/22/2023,6,WY10403_BS_06,45.04686,122.41355,2067,,60.1,43.1,PC,0,1,3,1,358,178,T,0,T,16.5,1.376,19.4,1.442,37.5,1.716,24.46666667,0,
63,WY,,10403,BS,3/22/2023,7,WY10403_BS_07,45.047102,122.413356,2110,,63.5,47,S,0,1,1,2,53,208,0,0,0,12.6,1.313,14.1,1.337,20.4,1.437,15.7,0,
64,WY,,10963,UU,3/21/2023,1,WY10963_UU_01,45.06031,122.41493,2333,,48.6,64.7,S,4,2,1,4,180,350,2,4,1,28.9,1.57,26.4,1.529,30,1.588,28.43333333,2.333333333,
65,WY,,10963,UU,3/21/2023,2,WY10963_UU_02,45.06015,122.4146,2346,,49.7,70.4,S,4,1,4,4,183,6,2,3,3,20.9,1.443,15.7,1.363,17.4,1.389,18,2.666666667,
66,WY,,10963,UU,3/21/2023,3,WY10963_UU_03,45.060078,122.415089,2200,,49.9,64.9,S,4,1,3,4,107,300,6,8,10,29.2,1.574,15.3,1.356,18,1.399,20.83333333,8,
67,WY,,10963,UU,3/21/2023,4,WY10963_UU_04,45.06048,122.41551,2289,,49.8,64.1,S,3,1,1,4,170,350,3,6,1,23.3,1.481,19,1.415,31.4,1.611,24.56666667,3.333333333,
68,WY,,10963,UU,3/21/2023,5,WY10963_UU_05,45.06065,122.41523,2270,,48.6,66.9,S,3,1,2,4,170,350,5,5,3,17.9,1.397,22.8,1.473,29.4,1.578,23.36666667,4.333333333,
69,WY,,10963,UU,3/21/2023,6,WY10963_UU_06,45.06068,122.414902,2232,,48.2,75,S,4,1,4,4,163,347,3,3,1,22.9,1.476,25.7,1.519,25.5,1.516,24.7,2.333333333,
70,WY,,10963,UU,3/21/2023,7,WY10963_UU_07,45.060511,122.414784,2290,,49.1,70.5,S,4,1,2,3,166,351,3,4,4,22.4,1.467,19.1,1.416,18.1,1.401,19.86666667,3.666666667,
71,WY,,10444,HU,3/22/2023,1,WY10444_HU_01,45.04747,122.4257,2172,,47.3,53.6,S,0,1,1,4,45,225,T,T,T,21,1.446,23.3,1.482,18.5,1.406,20.93333333,#DIV/0!,
72,WY,,10444,HU,3/22/2023,2,WY10444_HU_02,45.0476,122.42527,2185,,50.4,54.8,S,0,1,1,4,45,215,2,5,6,16.2,1.371,19.9,1.429,23.4,1.483,19.83333333,4.333333333,
73,WY,,10444,HU,3/22/2023,3,WY10444_HU_03,45.047355,122.425299,2159,,53.3,55.4,S,0,1,1,4,53,290,0,0,T,20.4,1.435,21.9,1.459,15.1,1.353,19.13333333,0,
74,WY,,10444,HU,3/22/2023,4,WY10444_HU_04,45.047157,122.425789,2165,,48,63.4,S,0,0,1,4,71,250,4,0,0,9.6,1.262,26,1.524,19.8,1.427,18.46666667,1.333333333,
75,WY,,10444,HU,3/22/2023,5,WY10444_HU_05,45.04745,122.42603,2125,,50.2,55.5,S,0,2,1,4,50,230,5,2,5,15.5,1.359,28.6,1.564,14.9,1.349,19.66666667,4,
76,WY,,10444,HU,3/22/2023,6,WY10444_HU_06,45.04761,122.42603,2131,,51.8,52.6,S,0,1,1,4,70,250,2,1,T,40.8,1.78,23,1.478,12.1,1.304,25.3,1.5,
77,WY,,10444,HU,3/22/2023,7,WY10444_HU_07,45.04781,122.42561,2180,,52.8,53.1,S,0,1,1,4,84,300,T,2,T,15.1,1.354,15.3,1.357,11.9,1.303,14.1,2,
78,WY,,10597,HB,3/23/2023,1,WY10597_HB_01,45.08598,45.3476,2539,,37.4,87.3,SN,0,1,1,2,190,10,T,T,T,26.9,1.537,32.9,1.637,34,1.655,31.26666667,#DIV/0!,
79,WY,,10597,HB,3/23/2023,2,WY10597_HB_02,45.08578,122.3481,2559,,37.8,91,SN,0,2,1,1,180,0,T,0,0,22.9,1.475,20.9,1.443,34.4,1.661,26.06666667,0,
80,WY,,10597,HB,3/23/2023,3,WY10597_HB_03,45.085971,122.348164,2531,,39.1,83.5,SN,0,1,1,1,212,40,T,0,0,17.4,1.389,27.7,1.549,21,1.446,22.03333333,0,
81,WY,,10597,HB,3/23/2023,4,WY10597_HB_04,45.086223,122.347995,2515,,38.1,88.3,R,0,1,4,1,230,44,0,0,T,26.4,1.53,23.1,1.478,33.9,1.651,27.8,0,
82,WY,,10597,HB,3/23/2023,5,WY10597_HB_05,45.08622,122.34785,2490,,37.4,89.3,SN,0,1,2,1,162,342,0,1,0,17.4,1.39,15.9,1.366,26.7,1.535,20,0.333333333,
83,WY,,10597,HB,3/23/2023,6,WY10597_HB_06,45.085989,122.347278,2544,,39.8,86,SN,0,1,2,0,207,48,0,0,0,14.7,1.347,19.7,1.425,19.1,1.416,17.83333333,0,
84,WY,,10597,HB,3/23/2023,7,WY10597_HB_07,45.08571,122.34752,2515,,37.8,86,SN,0,2,1,1,175,355,0,T,0,23.4,1.483,28.4,1.561,25.2,1.511,25.66666667,0,
85,BLM,,15562,BU,3/27/2023,1,BLM15562_BU_01,45.0008,122.5664,1263,,49.8,66,C,2,1,3,2,30,210,0,1,1,30.3,1.591,38.2,1.725,18.5,1.734,29,0.666666667,for 1-7: elevation is wonky for several of the subplots -BZ
86,BLM,,15562,BU,3/27/2023,2,BLM15562_BU_02,45.00102,122.56621,1220,,50.9,58.8,C,2,1,4,4,45,225,T,T,1,36.8,1.701,36.6,1.698,42.2,1.799,38.53333333,1,
87,BLM,,15562,BU,3/27/2023,3,BLM15562_BU_03,45.001,122.56601,1213,,52.5,62.6,PC,1,2,3,2,42,222,0,2,T,24.3,1.498,41.6,1.789,39.6,1.749,35.16666667,1,
88,BLM,,15562,BU,3/27/2023,4,BLM15562_BU_04,45.00032,122.566309,1195,,50.4,53.2,PC,1,1,4,3,65,243,T,0,1,41.6,1.79,42,1.797,40.2,1.761,41.26666667,0.5,
89,BLM,,15562,BU,3/27/2023,5,BLM15562_BU_05,45.000594,122.588822,1147,,50.4,48.4,C,2,2,4,2,60,237,1,T,2,28.6,1.564,37.1,1.704,31.2,1.605,32.3,1.5,"elev was originally recorded as 1047, corrected to 1147"
90,BLM,,15562,BU,3/27/2023,6,BLM15562_BU_06,45.0009,122.5668,1220,,49.2,67.6,PC,1,1,2,2,45,225,0,0,T,31.9,1.619,28.2,1.557,37.1,1.707,32.4,0,
91,BLM,,15562,BU,3/27/2023,7,BLM15562_BU_07,45.00119,122.56644,1276,15:00,53.5,42.9,C,1,1,4,3,40,220,T,0,0,42.3,1.805,48.9,1.959,35.7,1.679,42.3,0,
92,WY,,10956,BS,3/28/2023,1,WY10956_BS_01,45.09761,122.4143,1778,12:40,43.4,74.6,C,0,2,1,2,30,210,0,0.5,0,27.9,1.553,18.9,1.414,28.9,1.569,25.23333333,0.166666667,
93,WY,,10956,BS,3/28/2023,2,WY10956_BS_02,45.09789,122.41398,1759,12:50,44.1,76.4,C,0,2,2,2,18,198,0,0,0,30.3,1.593,33.2,1.639,16.4,1.373,26.63333333,0,elevation higher at 1 than at 2?
94,WY,,10956,BS,3/28/2023,3,WY10956_BS_03,45.09765,122.41381,1759,13:10,43.8,70.8,C,0,2,1,2,30,210,T,0,1,15.9,1.376,31.4,1.609,20.7,1.441,22.66666667,0.5,
95,WY,,10956,BS,3/28/2023,4,WY10956_BS_04,45.097386,122.414016,1742,12:40,44.7,69.8,C,0,2,1,3,70,228,0,1,0,26,1.524,20.5,1.438,31.1,1.605,25.86666667,0.333333333,bearings seem off for 4 and 5
96,WY,,10956,BS,3/28/2023,5,WY10956_BS_05,45.097337,122.414513,1744,13:15,44.4,70,C,0,2,1,1,96,252,0,0,0,24.9,1.507,25.4,1.513,22,1.461,24.1,0,"VERY burnt, all logs 100% charred"
97,WY,,10956,BS,3/28/2023,6,WY10956_BS_06,45.09765,122.41464,1765,13:35,45,79.6,C,0,1,1,2,25,205,1,0,0,29.1,1.573,26.1,1.525,26.9,1.537,27.36666667,0.333333333,
98,WY,,10956,BS,3/28/2023,7,WY10956_BS_07,45.09786,122.41439,1759,13:10,43.5,76.8,C,0,2,1,4,20,200,0,T,0,27.1,1.541,28.1,1.557,27.1,1.541,27.43333333,0,
99,BLM,,16804,BU,3/29/2023,1,BLM16804_BU_01,44.99322,122.47645,1570,12:35,47.7,74.6,PC,1,0,4,2,60,240,1,2,2,30.7,1.598,34.7,1.665,23.5,1.484,29.63333333,1.666666667,
100,BLM,,16804,BU,3/29/2023,2,BLM16804_BU_02,44.99308,122.47611,1658,13:10,50,72.5,PC,1,1,4,3,60,240,0,1,1,35.6,1.682,30.6,1.581,28,1.531,31.4,0.666666667,
101,BLM,,16804,BU,3/29/2023,3,BLM16804_BU_03,44.992772,122.476332,1662,13:44,52.2,70.3,S,1,0,4,3,340,129,1,1,1,30.1,1.691,30.6,1.511,18.2,1.517,26.3,1,
102,BLM,,16804,BU,3/29/2023,4,BLM16804_BU_04,44.992727,122.476816,1585,12:45,48.6,75.8,PC,1,1,4,2,12,247,0,1,1,28,1.555,12.8,1.317,30.1,1.588,23.63333333,0.666666667,
103,BLM,,16804,BU,3/29/2023,5,BLM16804_BU_05,44.992942,122.476967,1593,13:20,50.4,73.6,S,2,1,4,3,188,6,0,0,0,30.2,1.59,29.8,1.562,31.2,1.61,30.4,0,inconsistent up/downhill bearings from 1-7
104,BLM,,16804,BU,3/29/2023,6,BLM16804_BU_06,44.99334,122.47694,1619,13:20,47.3,84.5,PC,2,1,3,2,55,235,T,T,0,35.3,1.675,40.3,1.768,33.1,1.638,36.23333333,0,
105,BLM,,16804,BU,3/29/2023,7,BLM16804_BU_07,44.99334,122.47622,1651,13:00,50.2,78,PC,1,1,2,2,272,92,0,T,0,26.3,1.528,33.9,1.651,27.9,1.533,29.36666667,0,
106,WY,,10422,BS,3/30/2023,1,WY10422_BS_01,45.07703,122.41845,1489,12:50,45.1,66.5,C,0,2,1,4,180,0,T,T,T,33.4,1.645,29.8,1.584,20.4,1.435,27.86666667,#DIV/0!,
107,WY,,10422,BS,3/30/2023,2,WY10422_BS_02,45.07673,122.41828,1511,13:30,49,68.6,C,0,2,1,3,180,0,15,3,2,37.3,1.712,32.1,1.622,24.9,1.505,31.43333333,6.666666667,
108,WY,,10422,BS,3/30/2023,3,WY10422_BS_03,45.07678,122.41866,1490,13:00,48.8,67.3,C,0,1,1,4,180,0,2,0,0,32.3,1.624,21.3,1.45,26.6,1.533,26.73333333,0.666666667,
109,WY,,10422,BS,3/30/2023,4,WY10422_BS_04,45.07701,122.41889,1480,13:26,47.5,64.5,C,0,2,1,4,150,350,0,0,T,18.8,1.412,25.8,1.52,20.4,1.435,21.66666667,0,
110,WY,,10422,BS,3/30/2023,5,WY10422_BS_05,45.07724,122.41867,1484,13:45,50.5,70.9,C,0,2,1,4,130,310,0,0,0,31.9,1.619,31.4,1.609,24.9,1.505,29.4,0,
111,WY,,10422,BS,3/30/2023,6,WY10422_BS_06,45.07729,122.41823,1491,13:25,48,79,C,0,1,2,2,138,318,0,0,0,28.5,1.563,13,1.32,18.4,1.406,19.96666667,0,
112,WY,,10422,BS,3/30/2023,7,WY10422_BS_07,45.07708,122.41798,1499,13:10,47.4,69.4,C,0,1,1,3,150,330,0,0,0,26.6,1.533,30.8,1.601,23.8,1.489,27.06666667,0,
113,WY,,10550,BS,3/30/2023,1,WY10550_BS_01,45.08009,122.39731,2145,9:30,39.8,77.3,C,0,1,1,3,215,65,0,0,0,34.1,1.657,32.3,1.62,31,1.601,32.46666667,0,
114,WY,,10550,BS,3/30/2023,2,WY10550_BS_02,45.07988,122.39745,2146,9:40,43.6,74.7,C,0,1,1,1,180,0,0,0,0,33,1.638,23.2,1.479,24.8,1.504,27,0,Pacific Chorus under log BZ pass 1
115,WY,,10550,BS,3/30/2023,3,WY10550_BS_03,45.0802,122.39772,2136,9:30,40,74.4,C,0,1,2,2,215,65,0,0,0,26.8,1.536,18.2,1.401,30.1,1.589,25.03333333,0,
116,WY,,10550,BS,3/30/2023,4,WY10550_BS_04,45.08036,122.39754,2118,9:50,40.3,75,C,0,1,1,1,215,65,0,0,0,30.1,1.589,18.3,1.404,16.6,1.377,21.66666667,0,
117,WY,,10550,BS,3/30/2023,5,WY10550_BS_05,45.08038,122.39717,2081,10:00,42.5,72.6,C,0,1,1,3,215,65,0,0,0,26.5,1.531,23.9,1.491,13.8,1.333,21.4,0,
118,WY,,10550,BS,3/30/2023,6,WY10550_BS_06,45.08018,122.3969,2074,10:24,44.8,70.8,C,0,2,1,4,215,65,0,T,1,28.2,1.559,18.2,1.403,19.6,1.424,22,0.5,
119,WY,,10550,BS,3/30/2023,7,WY10550_BS_07,45.08,122.2969,2080,10:00,42.2,76.9,C,0,3,1,4,192,12,0,0,0,24.6,1.5,18.8,1.411,28.8,1.596,24.06666667,0,
120,PB,,408143,HU,4/4/2023,1,PB408143_HU_01,45.16277,122.36936,1423,12:30,46,78.6,R,0,1,4,1,200,20,6,3,3,38.7,1.738,21.6,1.456,29,1.571,29.76666667,4,
121,PB,,408143,HU,4/4/2023,2,PB408143_HU_02,45.16246,122.36946,1450,13:30,42.6,82.2,R,0,1,4,1,200,20,1,1,2,32.5,1.62,26,1.524,32.5,1.629,30.33333333,1.333333333,
122,PB,,408143,HU,4/4/2023,3,PB408143_HU_03,45.162638,122.369769,1430,13:15,44.5,90.3,R,0,1,4,2,166,3,3,4,2,36.9,1.706,42.8,1.819,39.6,1.755,39.76666667,3,Some char. Still has 4-5ft saplings. 
123,PB,,408143,HU,4/4/2023,4,PB408143_HU_04,45.162979,122.369649,1412,12:40,41.7,92.9,PC,0,1,4,3,207,15,1,1,1,41,1.785,29.1,1.573,29.2,1.574,33.1,1,Some snow/hail on ground in small patches. Hail/sun/rain on & off. 4-5 y/o saplings. Can only see layer of dead grass on ground. 
124,PB,,408143,HU,4/4/2023,5,PB408143_HU_05,45.16308,122.36933,1399,13:55,43.4,78.7,PC,0,1,4,2,197,17,3,1,0,24.1,1.493,29.1,1.537,27.6,1.548,26.93333333,1.333333333,
125,PB,,408143,HU,4/4/2023,6,PB408143_HU_06,45.16278,122.36892,1417,13:25,42.3,83.7,PC,0,2,4,3,202,22,3,2,1,31.2,1.606,22.9,1.475,35.7,1.684,29.93333333,2,
126,PB,,408143,HU,4/4/2023,7,PB408143_HU_07,45.16247,122.36908,1452,12:55,43.9,81.7,PC,0,1,4,2,185,5,1,1,1,38.2,1.728,40.3,1.771,32.9,1.637,37.13333333,1,
127,PB,,33754,HU,4/5/2023,1,PB33754_HU_01,45.12338,122.41965,1534,9:05,45.2,58.8,PC,0,1,4,2,110,290,4,6,4,29.5,1.579,34.6,1.665,28.7,1.565,30.93333333,4.666666667,
128,PB,,33754,HU,4/5/2023,2,PB33754_HU_02,45.12318,122.41932,1572,9:30,44.3,56,PC,0,1,4,1,110,290,1,2,T,31.6,1.614,26.5,1.531,33.4,1.645,30.5,1.5,
129,PB,,33754,HU,4/5/2023,3,PB33754_HU_03,45.12306,122.419671,1540,9:10,44.3,71.7,PC,0,1,4,2,196,65,1,T,2,30.9,1.698,31.6,1.614,36.7,1.702,33.06666667,1.5,"2-4' Seedlings, grass covering plot"
130,PB,,33754,HU,4/5/2023,4,PB33754_HU_04,45.123207,122.42004,1524,9:45,45.7,65.9,PC,0,2,3,3,114,275,1,10,4,30.3,1.591,30.5,1.596,36.6,1.689,32.46666667,5,"Saplings 3-5' tall. Dead grass mat, lots of brambles"
131,PB,,33754,HU,4/5/2023,5,PB33754_HU_05,45.123556,122.420011,1521,10:10,46.3,62.3,C,0,1,4,2,130,300,0,T,T,15.4,1.359,28.2,1.559,34.8,1.667,26.13333333,0,
132,PB,,33754,HU,4/5/2023,6,PB33754_HU_06,45.12374,122.41959,1540,9:30,42.8,66.8,PC,0,1,4,2,85,265,3,2,1,36.6,1.699,32.3,1.624,29.7,1.582,32.86666667,2,
133,PB,,33754,HU,4/5/2023,7,PB33754_HU_07,45.12347,122.41933,1558,10:00,47.6,73.3,PC,0,1,4,1,92,272,0,0,T,36.7,1.702,33.1,1.639,38.3,1.732,36.03333333,0,
134,PB,,408161,HU,4/5/2023,1,PB408161_HU_01,45.15833,122.35439,1879,13:00,44.4,66.8,C,0,1,1,4,270,90,T,T,1,29.9,1.586,33.4,1.645,41.3,1.79,34.86666667,1,
135,PB,,408161,HU,4/5/2023,2,PB408161_HU_02,45.15852,122.35474,1874,13:30,48.9,64.5,C,0,1,1,4,270,90,1,3,T,35.5,1.681,29.9,1.587,26.7,1.535,30.7,2,
136,PB,,408161,HU,4/5/2023,3,PB408161_HU_03,45.158644,122.354365,1850,13:00,46.5,72.4,C,0,1,1,4,290,100,3,5,4,30.9,1.602,18.1,1.4,35.5,1.679,28.16666667,4,Ground cover mostly twigs/branches
137,PB,,408161,HU,4/5/2023,4,PB408161_HU_04,45.158496,122.354032,1807,13:20,46.8,73.4,C,0,1,1,4,297,110,0,0,0,31.7,1.615,27.1,1.541,29.2,1.574,29.33333333,0,TWIGGY
138,PB,,408161,HU,4/5/2023,5,PB408161_HU_05,45.158202,122.354009,1805,13:50,46.3,65.9,C,0,1,1,3,300,102,6,3,T,24.4,1.499,24.1,1.493,17.6,1.394,22.03333333,4.5,
139,PB,,408161,HU,4/5/2023,6,PB408161_HU_06,45.158,122.35441,1840,13:40,45,75.3,C,0,2,1,3,260,80,3,5,T,22.8,1.473,21.4,1.452,22.6,1.47,22.26666667,4,
140,PB,,408161,HU,4/5/2023,7,PB408161_HU_07,45.15811,122.35474,1846,13:10,47.2,76.3,C,0,2,2,3,277,97,2,2,4,31.7,1.615,24.7,1.503,34.1,1.656,30.16666667,2.666666667,
141,PB,,33628,HB,4/6/2023,1,PB33628_HB_01,45.19673,122.28101,1657,9:10,46.1,74.6,R,0,1,1,1,80,250,0,0,0,30.1,1.589,28.3,1.559,30.9,1.603,29.76666667,0,
142,PB,,33628,HB,4/6/2023,2,PB33628_HB_02,45.19683,122.28061,1686,9:40,46.1,82.6,R,0,1,1,1,70,250,0,0,T,26.4,1.529,34.7,1.666,26.3,1.528,29.13333333,0,
143,PB,,33628,HB,4/6/2023,3,PB33628_HB_03,45.196531,122.280692,1650,9:15,46.5,84.9,R,0,1,1,1,64,251,T,T,T,29.5,1.579,29.2,1.579,31.1,1.606,29.93333333,#DIV/0!,
144,PB,,33628,HB,4/6/2023,4,PB33628_HB_04,45.196377,122.281126,1641,9:35,46.9,82.7,R,0,1,2,1,67,255,0,0,0,27.3,1.544,29.9,1.587,32.3,1.625,29.83333333,0,
145,PB,,33628,HB,4/6/2023,5,PB33628_HB_05,45.196482,122.281447,1629,10:00,46.5,89,R,0,1,1,1,57,255,0,0,0,35.9,1.688,20.4,1.435,29.9,1.587,28.73333333,0,
146,PB,,33628,HB,4/6/2023,6,PB33628_HB_06,45.19684,122.28139,1636,9:45,46.1,92.7,R,0,1,1,1,41,221,0,0,0,31.7,1.615,25.1,1.509,31.3,1.609,29.36666667,0,
147,PB,,33628,HB,4/6/2023,7,PB33628_HB_07,45.19701,122.28103,1663,9:15,45,85.5,R,0,1,1,1,30,210,0,0,0,28,1.555,25.4,1.513,34.1,1.656,29.16666667,0,
148,PB,,33689,HU,4/6/2023,1,PB33689_HU_01,45.1778,122.33579,1845,13:10,54.5,70,R,0,1,4,2,180,0,1,4,2,30.3,1.591,20.4,1.435,28.4,1.562,26.36666667,2.333333333,
149,PB,,33689,HU,4/6/2023,2,PB33689_HU_02,45.17748,122.33586,1859,13:52,53.5,80,R,0,2,3,3,180,0,6,T,7,30.1,1.588,31.7,1.615,24.5,1.499,28.76666667,6.5,
150,PB,,33689,HU,4/6/2023,3,PB33689_HU_03,45.177677,122.336198,1880,13:20,54.4,82.5,R,0,1,4,2,185,5,t,4,1,32.6,1.629,32.4,1.628,25.4,1.515,30.13333333,2.5,
151,PB,,33689,HU,4/6/2023,4,PB33689_HU_04,45.178032,122.336118,1833,13:45,53,85.2,R,0,1,4,2,180,0,T,2,2,25.4,1.513,45.8,1.886,25,1.508,32.06666667,2,Possibly burned? Check fire layers -JW
152,PB,,33689,HU,4/6/2023,5,PB33689_HU_05,45.17807,122.33559,1837,14:15,53.2,77.2,R,0,1,4,1,194,14,1,1,1,41,1.785,36.8,1.685,25.5,1.516,34.43333333,1,
153,PB,,33689,HU,4/6/2023,6,PB33689_HU_06,45.17786,122.33538,1838,13:55,52.5,93.3,R,0,1,4,2,195,15,0,1,4,36.8,1.704,22.2,1.464,24.6,1.501,27.86666667,1.666666667,
154,PB,,33689,HU,4/6/2023,7,PB33689_HU_07,45.17757,122.33546,1847,13:30,54.2,78.2,R,0,2,4,2,186,6,T,3,1,29.8,1.585,29.8,1.585,30.7,1.599,30.1,2,
155,WY,,10185,BS,4/10/2023,1,WY10185_BS_01,45.08915,122.34858,2139,12:20,44.1,82.1,R,0,2,2,2,210,30,0,0,0,35.7,1.683,36.7,1.701,36.2,1.692,36.2,0,
156,WY,,10185,BS,4/10/2023,2,WY10185_BS_02,45.08883,122.34875,2176,11:00,44,100,R,0,1,4,1,180,0,0,0,0,37.1,1.463,30.7,1.507,29.4,1.692,32.4,0,
157,WY,,10185,BS,4/10/2023,3,WY10185_BS_03,45.08908,122.34908,2105,10:30,44.1,95.2,R,0,2,3,2,180,0,2,1,T,48.2,1.945,30.7,1.59,54.3,2.077,44.4,1.5,BS or HB? Check salvage history for 10185
158,WY,,10185,BS,4/10/2023,4,WY10185_BS_04,45.089363,122.348834,2120,10:00,46.6,89.1,R,0,2,2,3,135,0,1,T,0,33.4,1.643,25.4,1.515,23.3,1.482,27.36666667,0.5,
159,WY,,10185,BS,4/10/2023,5,WY10185_BS_05,45.08947,122.34829,2143,10:10,48.9,79.2,R,0,1,2,2,191,11,2,1,1,28.1,1.556,26.8,1.536,20.3,1.435,25.06666667,1.333333333,
160,WY,,10185,BS,4/10/2023,6,WY10185_BS_06,45.09081,122.34813,2147,10:40,44.2,92.7,R,0,1,3,2,155,330,0,0,T,32.3,1.624,30.6,1.597,33.7,1.648,32.2,0,
161,WY,,10185,BS,4/10/2023,7,WY10185_BS_07,45.088838,122.348303,2135,11:10,45.5,99.1,R,0,1,3,2,140,340,0,0,T,32.3,1.624,30.6,1.597,42.7,1.807,35.2,0,
162,PB,,33810,HU,4/10/2023,1,WY33810_HU_01,45.14533,122.34016,2420,14:00,45.5,100,R,0,1,1,2,201,21,2,4,2,41.7,1.799,38.4,1.736,41.1,1.767,40.4,2.666666667,
163,PB,,33810,HU,4/10/2023,2,WY33810_HU_02,45.14505,122.34045,2460,15:00,43.1,100,R,0,1,2,2,210,30,2,2,2,25.2,1.511,26.4,1.535,21.7,1.456,24.43333333,2,
164,PB,,33810,HU,4/10/2023,3,WY33810_HU_03,45.145351,122.340592,2414,14:00,45.5,100,R,0,1,4,2,186,0,1,4,5,34.8,1.668,36.2,1.693,31.5,1.612,34.16666667,3.333333333,
165,PB,,33810,HU,4/10/2023,4,WY33810_HU_04,45.145577,122.340068,2416,14:40,45.3,100,R,0,1,4,2,200,20,0,0,0,23.6,1.486,28.2,1.589,36.1,1.674,29.3,0,
166,PB,,33810,HU,4/10/2023,5,WY33810_HU_05,45.145456,122.339777,2410,15:00,45.6,100,R,0,2,4,3,195,10,2,2,0,25.4,1.513,36.5,1.596,30.8,1.601,30.9,1.333333333,Char in this plot?? But 6-10' Baby trees -JW
167,PB,,33810,HU,4/10/2023,6,WY33810_HU_06,45.14513,122.33971,2432,14:25,45,100,R,0,2,3,2,204,24,0,0,0,42.8,1.822,41.3,1.79,33.1,1.639,39.06666667,0,
168,PB,,33810,HU,4/10/2023,7,WY33810_HU_07,45.145,122.34021,2464,14:50,46.2,100,R,0,2,1,3,209,29,0,0,0,25,1.508,33.1,1.639,29.4,1.578,29.16666667,0,
169,PB,,408180,HB,4/11/2023,1,PB408180_HB_01,45.1884,122.25643,1953,9:15,37.7,100,SN,0,2,3,2,240,60,14,0,0,17.6,1.392,40.4,1.773,26.4,1.53,28.13333333,4.666666667,Lots of scotch broom covering all plots
170,PB,,408180,HB,4/11/2023,2,PB408180_HB_02,45.18825,122.25681,1972,9:30,37.5,100,SN,0,1,1,2,240,60,T,0,2,14.9,1.351,37.3,1.715,34.5,1.664,28.9,1,
171,PB,,408180,HB,4/11/2023,3,PB408180_HB_03,45.188596,122.256771,1959,9:15,38.4,100,S,0,1,2,1,244,60,0,T,0,25,1.508,33.8,1.65,35.8,1.682,31.53333333,0,
172,PB,,408180,HB,4/11/2023,4,PB408180_HB_04,45.188728,122.256463,1920,9:40,37.8,100,S,0,2,3,2,240,60,2,1,0,37.7,1.719,39.1,1.746,35.4,1.679,37.4,1,
173,PB,,408180,HB,4/11/2023,5,PB408180_HB_05,45.18859,122.25599,1926,10:10,37.5,100,SN,0,1,2,1,214,34,1,0,0,28.9,1.569,28.8,1.569,39.2,1.748,32.3,0.333333333,
174,PB,,408180,HB,4/11/2023,6,PB408180_HB_06,45.18829,122.256,1939,9:40,38.3,100,SN,0,1,2,1,230,50,0,0,1,24.8,1.504,36.6,1.699,32,1.621,31.13333333,0.333333333,
175,PB,,408180,HB,4/11/2023,7,PB408180_HB_07,45.18813,122.2564,1966,9:20,38.3,100,SN,0,1,2,1,201,21,T,0,1,30.6,1.597,40.5,1.714,25.1,1.809,32.06666667,0.5,moisture meter weird here too?
176,PB,,33651,HB,4/11/2023,1,PB33651_HB_01,45.18903,122.26685,1828,12:20,44.8,100,PC,0,1,1,1,260,80,,,,,,,,,,#DIV/0!,#DIV/0!,Moisture meter was being dumb. 
177,PB,,33651,HB,4/11/2023,2,PB33651_HB_02,45.18901,122.2673,1863,13:15,40,96.6,S,0,1,3,1,184,4,,,,,,,,,,#DIV/0!,#DIV/0!,
178,PB,,33651,HB,4/11/2023,3,PB33651_HB_03,45.189265,122.267152,1837,12:20,51.6,80.9,PC,0,1,1,1,249,79,,,,,,,,,,#DIV/0!,#DIV/0!,
179,PB,,33651,HB,4/11/2023,4,PB33651_HB_04,45.189339,122.26673,1800,12:50,37.6,98.8,S,0,1,2,1,250,70,,,,,,,,,,#DIV/0!,#DIV/0!,
180,PB,,33651,HB,4/11/2023,5,PB33651_HB_05,45.18906,122.26646,1825,13:30,37.1,100,SN,0,1,2,1,231,51,,,,,,,,,,#DIV/0!,#DIV/0!,Northern Alligator Lizard in da blizzard.
181,PB,,33651,HB,4/11/2023,6,PB33651_HB_06,45.18879,122.26659,1826,12:55,38.4,96.6,SN,0,1,2,1,237,57,,,,,,,,,,#DIV/0!,#DIV/0!,
182,PB,,33651,HB,4/11/2023,7,PB33651_HB_07,45.18872,122.26693,1856,12:30,45.8,100,PC,0,1,1,1,235,55,,,,,,,,,,#DIV/0!,#DIV/0!,
183,PB,,408162,HU,4/12/2023,1,PB408162_HU_01,45.16629,122.31811,2040,14:35,39.6,80.9,PC,0,1,4,1,90,270,1,4,10,33.7,1.649,36.9,1.706,18.4,1.414,29.66666667,5,
184,PB,,408162,HU,4/12/2023,2,PB408162_HU_02,45.16619,122.31774,2035,15:20,39.6,86.8,SN,0,1,4,3,120,330,2,0,1,36.8,1.704,24.9,1.505,31.7,1.615,31.13333333,1,on/off hail
185,PB,,408162,HU,4/12/2023,3,PB408162_HU_03,45.165995,122.317961,2033,14:40,41.3,79,S,0,1,4,2,60,240,T,T,2,36.6,1.699,28.9,1.57,43.3,1.833,36.26666667,2,"Slight burn, HB?"
186,PB,,408162,HU,4/12/2023,4,PB408162_HU_04,45.166098,122.318428,2020,15:10,41.1,78.6,S,0,1,4,2,60,240,0,T,T,39.1,1.747,26,1.524,20.2,1.433,28.43333333,0,on/off hail
187,PB,,408162,HU,4/12/2023,5,PB408162_HU_05,45.166299,122.318579,2006,15:30,38.3,86.7,SN,0,2,4,2,60,240,T,0,3,18.6,1.408,33.3,1.642,27.7,1.551,26.53333333,1.5,"Sun came out near end, hail on/off. Wet or burn? Check burn map/stand history -JW"
188,PB,,408162,HU,4/12/2023,6,PB408162_HU_06,45.16651,122.31848,2025,15:10,42.5,100,S,0,1,3,2,38,218,T,2,1,35.1,1.674,21.1,1.448,30.9,1.602,12.71666667,1.5,Some questionable char (just wet?)
189,PB,,408162,HU,4/12/2023,7,PB408162_HU_07,45.16662,122.31785,2033,14:45,43.4,98.8,PC,0,1,4,2,60,240,T,2,1,27.4,1.545,24.5,1.499,23.3,1.482,25.06666667,1.5,
190,PB,,34007,HB,4/17/2023,1,PB34007_HB_01,45.16938,122.29936,2209,11:10,50.9,72.2,PC,0,1,3,1,244,64,T,0,0,19.9,1.429,22.7,1.472,19.5,1.422,20.7,0,Ground veg is dead grass
191,PB,,34007,HB,4/17/2023,2,PB34007_HB_02,45.16934,122.29983,2244,11:30,50.5,53.4,PC,0,1,3,1,242,62,0,0,0,23.9,1.492,20.9,1.443,15.5,1.359,20.1,0,
192,PB,,34007,HB,4/17/2023,3,PB34007_HB_03,45.169614,122.299619,2212,11:10,47.9,56.8,PC,0,2,2,2,253,73,0,0,0,19.6,1.424,17.6,1.398,29.8,1.585,22.33333333,0,
193,PB,,34007,HB,4/17/2023,4,PB34007_HB_04,45.29908,122.299082,2170,11:30,45.8,53.6,C,0,2,3,1,250,70,0,0,0,26.6,1.533,34.1,1.657,19.1,1.425,26.6,0,
194,PB,,34007,HB,4/17/2023,5,PB34007_HB_05,45.169331,122.298901,2172,11:52,44.6,63.6,R,0,2,3,2,252,72,2,0,0,16.3,1.372,12.6,1.313,36.5,1.698,21.8,0.666666667,
195,PB,,34007,HB,4/17/2023,6,PB34007_HB_06,45.16908,122.22917,2210,11:25,45.4,50.8,C,0,1,1,4,240,60,0,1,2,19.2,1.417,29.9,1..587,21.7,1.456,23.6,1,
196,PB,,34007,HB,4/17/2023,7,PB34007_HB_07,45.16907,122.29958,2231,11:50,43.1,61.9,C,0,1,1,4,240,60,0,T,0,26.2,1.535,30.9,1.603,22.9,1.475,26.66666667,0,
197,PB,,408178,BS,4/18/2023,1,PB408178_BS_01,45.208404,122.267934,1533,13:40,48.7,54.8,SN,0,0,1,1,125,305,T,0,0,31.1,1.605,25.7,1.518,25.9,1.522,27.56666667,0,On/off hail/rain/sun??
198,PB,,408178,BS,4/18/2023,2,PB408178_BS_02,45.208185,122.267609,1517,14:10,47.1,78.3,SN,0,2,1,2,128,308,1,0,0,29.3,1.576,19.9,1.429,36.8,1.703,28.66666667,0.333333333,On/off hail/rain/sun??
199,PB,,408178,BS,4/18/2023,3,PB408178_BS_03,45.20811,122.26807,1538,14:10,46.8,67.5,SN,0,1,2,1,115,295,1,0,0.5,26.7,1.534,22.4,1.467,23.3,1.484,24.13333333,0.5,On/off hail/rain/sun??
200,PB,,408178,BS,4/18/2023,4,PB408178_BS_04,45.20839,122.26839,1536,14:30,49.4,82.2,PC,0,1,2,2,123,303,0,0.5,0,24.4,1.499,28.7,1.567,29.4,1.578,27.5,0.166666667,On/off hail/rain/sun??
201,PB,,408178,BS,4/18/2023,5,PB408178_BS_05,45.20863,122.26819,1534,14:55,52,72.8,PC,0,1,1,1,125,305,0,0,0,29.1,1.572,23.3,1.482,16.7,1.379,23.03333333,0,On/off hail/rain/sun??. Main substrate ping pong sized rock
202,PB,,408178,BS,4/18/2023,6,PB408178_BS_06,45.20868,122.26774,1521,14:35,54.7,69.1,PC,0,2,1,4,120,300,2,2,1,38.3,1.73,25.6,1.517,30.6,1.597,31.5,1.666666667,On/off hail/rain/sun??
203,PB,,408178,BS,4/18/2023,7,PB408178_BS_07,45.20843,122.26752,1521,14:10,45.1,91.7,SN,0,1,1,4,120,300,2,12,6,32.9,1.635,41.8,1.806,25.4,1.513,33.36666667,6.666666667,On/off hail/rain/sun??
204,PB,,408178,HB,4/19/2023,1,PB408178_HB_01,45.208375,122.25864,1789,10:20,42.4,70.3,C,0,1,2,1,298,118,0,0,0,18.9,1.413,20.5,1.438,25.7,1.519,21.7,0,>75% Talus
205,PB,,408178,HB,4/19/2023,2,PB408178_HB_02,45.208617,122.258868,1786,10:50,41.1,67.2,C,0,1,2,1,290,110,0,0,0,24.9,1.505,21.1,1.448,21.2,1.449,22.4,0,
206,PB,,408178,HB,4/19/2023,3,PB408178_HB_03,45.20855,122.25832,1785,10:40,42.2,72.4,C,0,2,1,1,325,145,0,0,0,21.4,1.452,32.4,1.629,24.3,1.497,26.03333333,0,
207,PB,,408178,HB,4/19/2023,4,PB408178_HB_04,45.20824,122.25819,1763,11:00,40.6,68.8,SN,0,1,1,1,325,145,0,0.5,0,31.5,1.613,26.5,1.531,24.6,1.501,27.53333333,0.166666667,
208,PB,,408178,HB,4/19/2023,5,PB408178_HB_05,45.20808,122.25846,1750,11:23,42.9,73,R,0,1,1,1,325,145,0,2,1,22.8,1.473,27.8,1.477,18.8,1.411,23.13333333,1,
209,PB,,408178,HB,4/19/2023,6,PB408178_HB_06,45.20816,122.25889,1768,11:05,43,60.6,SN,0,1,2,1,309,129,T,0,0,28.3,1.559,14.2,1.339,10.4,1.276,17.63333333,0,Cloudy/snow/rain
210,PB,,408178,HB,4/19/2023,7,PB408178_HB_07,45.2084,122.25911,1777,10:45,44.3,68.8,C,0,1,1,1,15,195,0,0,0,15,1.352,21.8,1.458,19.4,1.421,18.73333333,0,Main substrate is rock
211,PB,,9757,BU,4/19/2023,1,PB9757_BU_01,45.212388,122.273739,1518,13:15,39.4,86.4,R,2,1,4,3,44,22.4,1,2,2,25.1,1.51,21.8,1.458,20,1.431,22.3,1.666666667,
212,PB,,9757,BU,4/19/2023,2,PB9757_BU_02,45.212662,122.27344,1483,13:40,42.9,86.1,PC,1,2,4,1,21,201,2,2,1,19.7,1.425,35.8,1.685,25.7,1.518,27.06666667,1.666666667,
213,PB,,9757,BU,4/19/2023,3,PB9757_BU_03,45.21228,122.27349,1543,14:35,41.6,89,PC,1,2,4,4,15,195,1,2,1.5,21,1.446,21.1,1.448,29.4,1.421,23.83333333,1.5,
214,PB,,9757,BU,4/19/2023,4,PB9757_BU_04,45.21213,122.27383,1513,15:05,40.7,94.9,SN,2,1,4,4,15,195,2,1,1,22.9,1.475,17.4,1.389,21,1.556,20.43333333,1.333333333,
215,PB,,9757,BU,4/19/2023,5,PB9757_BU_05,45.21219,122.27411,1511,14:30,36,92.5,SN,3,2,3,2,16,196,0,1,1,13.9,1.33,17.4,1.389,19.4,1.421,16.9,0.666666667,
216,PB,,9757,BU,4/19/2023,6,PB9757_BU_06,45.21258,122.27424,1520,14:00,42.5,87.3,C,3,2,3,2,42,222,1,0,1,26.7,1.535,18.4,1.406,24.9,1.505,23.33333333,0.666666667,
217,PB,,9757,BU,4/19/2023,7,PB9757_BU_07,45.2128,122.2738,1540,13:40,42.8,89.8,PC,2,1,4,2,7,187,1,2,1,25.7,1.518,25.5,1.516,24.9,1.807,25.36666667,1.333333333,
218,PB,,34017,HU,4/20/2023,1,PB34017_HU_01,45.213726,122.521086,647,9:45,50,82.3,C,0,1,4,1,341,161,1,0,1,25.6,1.517,42.2,1.808,29.2,1.573,32.33333333,0.666666667,"Very grassy, 3-4' saplings. Found Juvi garter"
219,PB,,34017,HU,4/20/2023,2,PB34017_HU_02,45.214064,122.520971,652,10:15,49.2,85.5,C,0,1,4,1,340,160,1,0,1,32.4,1.625,35,1.671,34.7,1.666,34.03333333,0.666666667,Saplings 3-4' tall
220,PB,,34017,HU,4/20/2023,3,PB34017_HU_03,45.21383,122.52058,620,9:55,50.5,89.7,R,0,1,4,3,345,165,0.5,0.5,1,29,1.571,30.6,1.596,35.2,1.673,31.6,0.666666667,"Lots of 3-5"" DWD"
221,PB,,34017,HU,4/20/2023,4,PB34017_HU_04,45.21353,122.52074,613,10:27,46.2,84.2,C,0,1,4,3,345,165,3,0.5,0,36.8,1.702,36.7,1.701,23.5,1.485,32.33333333,1.166666667,
222,PB,,34017,HU,4/20/2023,5,PB34017_HU_05,42.21347,122.52104,620,10:50,46,87.5,R,0,1,4,3,345,165,0.5,1,0,27.8,1.551,35.1,1.671,27.2,1.543,30.03333333,10.99183333,Salamander lost :(. In stump that was approx 3ft across/ 
223,PB,,34017,HU,4/20/2023,6,PB34017_HU_06,45.21352,122.52133,607,10:30,46,83.9,R,0,1,3,3,6,186,2,8,11,25.3,1.512,28.8,1.568,28.6,1.564,27.56666667,7,
224,PB,,34017,HU,4/20/2023,7,PB34017_HU_07,45.21398,122.52132,658,10:05,47.6,79.2,C,0,1,4,1,0,180,0,0,2,28.5,1.565,37.8,1.721,24.9,1.507,30.4,0.666666667,Subplot mostly covered by long thin branches suspended off of the ground by thick bramble. Soil substrate clay-like
225,BLM,,12213,UU,4/24/2023,1,BLM12213_UU_01,45.081147,122.591321,614,13:00,55.8,80.5,PC,2,2,3,3,200,20,6,0,3,27.8,1.552,39.8,1.757,36.6,1.699,34.73333333,3,
226,BLM,,12213,UU,4/24/2023,2,BLM12213_UU_02,45.081152,122.591439,734,13:45,56.2,70.4,S,2,1,4,3,200,20,3,3,2,30.3,1.591,37.9,1.724,38.7,1.736,35.63333333,2.666666667,"Lots of ferns, salmon berry"
227,BLM,,12213,UU,4/24/2023,3,BLM12213_UU_03,45.08128,122.59177,698,14:15,56,70.5,PC,2,1,4,4,160,345,3,0,2,28.5,1.562,27.5,1.547,34.8,1.667,30.26666667,1.666666667,
228,BLM,,12213,UU,4/24/2023,4,BLM12213_UU_04,45.08145,122.59141,650,14:34,56.8,66.7,PC,2,2,4,4,160,340,1,5,3,26.6,1.533,31.8,1.616,31.2,1.606,29.86666667,3,"Large logs piled, only two on ground"
229,BLM,,12213,UU,4/24/2023,5,BLM12213_UU_05,45.08144,122.5911,625,14:45,54.8,69.4,PC,3,2,4,3,205,25,2,3,4,35.4,1.677,35.9,1.688,26.7,1.535,32.66666667,3,
230,BLM,,12213,UU,4/24/2023,6,BLM12213_UU_06,45.08116,122.59091,652,14:20,54.5,67.5,C,3,1,3,3,205,25,1,3,1,38.5,1.733,43.4,1.832,33.6,1.674,38.5,1.666666667,
231,BLM,,12213,UU,4/24/2023,7,BLM12213_UU_07,45.08086,122.59105,665,13:50,53.8,75.8,C,3,1,4,2,200,20,6,4,3,34.2,1.656,34.9,1.671,27.3,1.544,32.13333333,4.333333333,
232,ODF,,12364,HB,4/25/2023,1,ODF12364_HB_01,44.77559,122.47537,1681,9:40,56.2,74.8,S,0,1,4,1,315,135,T,1,1,29.7,1.582,30.1,1.589,31,1.604,30.26666667,1,Rocky underneath thin layer of grass
233,ODF,,12364,HB,4/25/2023,2,ODF12364_HB_02,44.77588,122.47545,1704,10:05,58.9,70,S,0,1,4,1,322,142,T,T,0,30.1,1.588,28.9,1.569,32.1,1.621,30.36666667,0,
234,ODF,,12364,HB,4/25/2023,3,ODF12364_HB_03,44.7758,122.475117,1694,9:40,60.1,58.2,S,0,1,4,1,320,140,T,T,0,34.4,1.66,23.9,1.491,31.1,1.605,29.8,0,dried grass veg cover
235,ODF,,12364,HB,4/25/2023,4,ODF12364_HB_04,44.775459,122.475009,1671,10:00,58.1,58.9,S,0,1,4,1,320,140,T,0,0,35.1,1.671,33.7,1.648,34.5,1.661,34.43333333,0,dried grass veg cover
236,ODF,,12364,HB,4/25/2023,5,ODF12364_HB_05,44.775281,122.475273,1651,10:20,61.1,57.5,S,0,1,4,1,346,166,T,T,0.5,34.5,1.663,35.8,1.685,35.6,1.679,35.3,0.5,dried grass veg cover
237,ODF,,12364,HB,4/25/2023,6,ODF12364_HB_06,44.77533,122.47567,1670,10:06,60.3,56.8,S,0,1,2,2,330,150,T,1,1,28,1.555,29.4,1.578,31,1.604,29.46666667,1,
238,ODF,,12364,HB,4/25/2023,7,ODF12364_HB_07,44.77563,122.47582,1680,9:36,56.1,78.3,S,0,2,4,1,330,150,1,T,T,28.9,1.57,28.4,1.561,28.2,1.559,28.5,1,Lots of wood under grass
239,ODF,,12362,HB,4/25/2023,1,ODF12362_HB_01,44.78274,122.46156,1954,12:25,65.1,57,S,0,1,4,1,50,230,T,1,1,36,1.689,34.6,1.664,37.2,1.71,35.93333333,1,
240,ODF,,12362,HB,4/25/2023,2,ODF12362_HB_02,44.78284,122.46116,1970,12:45,63.2,54.1,S,0,2,3,1,65,245,1,0,0,28.8,1.586,25.5,1.516,21.2,1.449,25.16666667,0.333333333,
241,ODF,,12362,HB,4/25/2023,3,ODF12362_HB_03,44.78252,122.46122,1953,12:25,63.2,51.5,S,0,1,4,2,15,195,2,3,5,31.8,1.616,32.8,1.633,26.7,1.534,30.43333333,3.333333333,
242,ODF,,12362,HB,4/25/2023,4,ODF12362_HB_04,44.7824,122.46162,1940,12:45,58,56.8,S,0,1,4,1,15,195,0,0,T,29.7,1.582,27.9,1.554,30.8,1.599,29.46666667,0,
243,ODF,,12362,HB,4/25/2023,5,ODF12362_HB_05,44.782617,122.462018,1931,13:00,68.7,54.6,S,0,1,4,1,59,239,2,3,1,25.4,1.515,10.4,1.277,28.5,1.563,21.43333333,2,so much dried grass
244,ODF,,12362,HB,4/25/2023,6,ODF12362_HB_06,44.782877,122.461945,1967,12:40,65.7,57.1,S,0,1,4,1,50,230,T,T,0,20.8,1.443,23.8,1.489,35.5,1.679,26.7,0,
245,ODF,,12362,HB,4/25/2023,7,ODF12362_HB_07,44.783026,122.461563,1947,12:20,60.3,55.3,S,0,1,4,1,50,230,2,0,1,32.5,1.628,33.5,1.645,28.6,1.564,31.53333333,1,dried grass
246,ODF,,12560,BU,4/26/2023,1,ODF12560_BU_01,44.73774,122.40174,1350,9:05,53.9,69.9,S,2,1,4,2,345,165,T,T,T,10.8,1.284,14.9,1.351,7.3,1.223,11,#DIV/0!,
247,ODF,,12560,BU,4/26/2023,2,ODF12560_BU_02,44.73797,122.40196,1420,9:40,57.2,64.6,S,1,1,4,2,345,165,1,1,T,8.6,1.246,12.7,1.314,18.4,1.405,13.23333333,1,"Oriented in line with other plots, however the actual uphill bearing was 260°, downhill 80°. was the one plot that crested the hill. "
248,ODF,,12560,BU,4/26/2023,3,ODF12560_BU_03,44.737979,122.401535,1424,9:15,57.6,62.4,S,3,0,3,2,311,131,1,1,0.5,17.7,1.395,10.6,1.279,11.2,1.291,13.16666667,0.833333333,Veg is mostly moss. Tree trunks highly charred 6' up
249,ODF,,12560,BU,4/26/2023,4,ODF12560_BU_04,44.737521,122.4014,1405,9:45,58.7,61.6,S,2,1,3,2,321,141,0,T,T,19.9,1.429,23.4,1.483,21.3,1.45,21.53333333,0,char on tree trunks 10' high. moss and Oregon grape
250,ODF,,12560,BU,4/26/2023,5,ODF12560_BU_05,44.737442,122.401818,1390,10:12,61,62.5,S,1,1,4,2,325,145,0.5,0.5,1,17.2,1.387,18.3,1.404,15.7,1.363,17.06666667,0.666666667,"trunks are charred 10-15 feet up. very little DWD/cover objects at these plots, just flipping rocks"
251,ODF,,12560,BU,4/26/2023,6,ODF12560_BU_06,44.7376,122.4022,1380,10:00,58.9,60,S,3,3,4,1,336,156,1,2,1,13.8,1.333,14.4,1.343,12.3,1.308,13.5,1.333333333,Lots of downed branches and thin trees
252,ODF,,12560,BU,4/26/2023,7,ODF12560_BU_07,44.73794,122.40217,1409,9:35,57.5,69,S,2,2,3,1,340,160,T,T,1,10.4,1.276,14.7,1.347,20.8,1.442,15.3,1,
253,ODF,,12033,BU,4/26/2023,1,ODF12033_BU_01,44.72604,122.41039,1800,12:26,65.5,49.8,S,1,2,4,2,160,200,T,T,T,28.3,1.559,34.9,1.669,21.9,1.46,28.36666667,#DIV/0!,
254,ODF,,12033,BU,4/26/2023,2,ODF12033_BU_02,45.72581,122.41048,1860,12:57,66.8,57.5,S,1,2,4,3,160,200,1,T,T,24.9,1.507,15.1,1.354,16.9,1.383,18.96666667,1,
255,ODF,,12033,BU,4/26/2023,3,ODF12033_BU_03,44.726,122.41079,1843,12:55,66.1,53.3,S,3,1,3,1,170,350,1,T,T,25,1.508,21.5,1.453,21.5,1.453,22.66666667,1,
256,ODF,,12033,BU,4/26/2023,4,ODF12033_BU_04,44.72618,122.41078,1821,13:20,67.5,52.1,S,,,,,160,340,T,0.5,T,20.2,1.433,22.9,1.476,25.4,1.515,22.83333333,0.5,
257,ODF,,12033,BU,4/26/2023,5,ODF12033_BU_05,44.7263,122.41032,1804,13:45,65.8,70.8,S,2,2,4,1,170,350,T,1,T,18.8,1.411,20.2,1.433,18.3,1.404,19.1,1,"1st log 5ft diameter, roughly 30m long going through plot-- Class 3 char nd decay numerous massive stumps/logs in terms of diameter"
258,ODF,,12033,BU,4/26/2023,6,ODF12033_BU_06,44.726067,122.410061,1821,13:05,66.7,55.9,S,2,1,4,1,190,10,0,T,0.5,21.9,1.46,25.6,1.512,27.5,1.547,25,0.25,Trees charred 20ft up in some spots
259,ODF,,12033,BU,4/26/2023,7,ODF12033_BU_07,44.725837,122.410052,1859,12:40,64.9,58.9,S,2,2,4,1,192,12,0,0,0,27.4,1.564,21.3,1.45,27.6,1.548,25.43333333,0,Veg. mostly moss
260,ODF,,12421,BU,4/7/2023,1,ODF12421_BU_01,44.766,122.37062,2020,9:00,62,58.4,S,1,1,2,2,345,165,1,2,3,13.6,1.329,12.4,1.309,6.4,1.207,10.8,2,
261,ODF,,12421,BU,4/27/2023,2,ODF12421_BU_02,44.76633,122.37407,2040,9:45,60.7,57.3,S,1,1,2,2,350,170,T,0,0,27.2,1.542,34.4,1.66,27.7,1.551,29.76666667,0,
262,ODF,,12421,BU,4/27/2023,3,ODF12421_BU_03,44.76596,122.37014,2035,9:07,60.9,60.2,S,1,1,3,2,0,180,T,T,T,17.9,1.397,22.9,1.476,20.6,1.439,20.46666667,#DIV/0!,"Trees dead, charred to tops. 10-80ft?"
263,ODF,,12421,BU,4/27/2023,4,ODF12421_BU_04,44.76568,122.3035,2002,9:35,60,57.9,S,1,1,3,2,0,180,1,T,0,17.9,1.398,23.9,1.491,19.5,1.423,20.43333333,0.5,Veg. mostly Salal
264,ODF,,12421,BU,4/27/2023,5,ODF12421_BU_05,44.76568,122.37082,1956,9:50,62.4,59.4,S,0,2,2,1,0,180,0,0,0,7.1,1.218,15.1,1.177,4.1,1.162,8.766666667,0,
265,ODF,,12421,BU,4/27/2023,6,ODF12421_BU_06,44.765985,122.371074,2012,9:15,60,67.1,S,1,1,2,1,0,180,0,T,2,8.6,1.246,8.8,1.25,12.2,1.307,9.866666667,1,"Trees charred >50ft up, lacking bark, dead. No veg/growth on trees"
266,ODF,,12421,BU,4/27/2023,7,ODF12421_BU_07,44.766232,122.370901,2016,9:40,62,63.4,S,1,1,2,3,0,180,0,T,T,9.8,1.267,5.3,1.187,9.7,1.265,8.266666667,0,"Surface very dry, litter/downed wood brittle. "
267,ODF,,12441,BU,4/27/2023,1,ODF12441_BU_01,44.772018,122.377738,1968,12:00,72.5,47.6,S,1,2,4,2,60,240,0.5,0,0,33.3,1.639,22.2,1.465,27.4,1.545,27.63333333,0.166666667,Veg fine moss
268,ODF,,12441,BU,4/27/2023,2,ODF12441_BU_02,44.772186,122.377178,1975,12:35,78.7,41.1,S,1,0,3,1,61,241,0,1,0.5,23.3,1.481,27.3,1.543,20.1,1.432,23.56666667,0.5,Veg dry grass
269,ODF,,12441,BU,4/27/2023,3,ODF12441_BU_03,44.7718,122.37727,1942,12:22,72.8,43.5,S,1,2,4,1,45,225,0,1,0,22.2,1.464,28.6,1.564,28.2,1.557,26.33333333,0.333333333,Veg mostly moss
270,ODF,,12441,BU,4/27/2023,4,ODF12441_BU_04,44.7717,122.3777,1878,12:50,74.9,44.9,S,1,2,4,2,45,225,1,1.5,2,22.1,1.463,25.7,1.518,18.5,1.343,22.1,1.5,
271,ODF,,12441,BU,4/27/2023,5,ODF12441_BU_05,44.77181,122.37817,1966,13:10,75.9,39.9,S,1,3,4,1,45,225,1,0,0.5,18.8,1.412,23.8,1.489,20.3,1.434,20.96666667,0.5,
272,ODF,,12441,BU,4/27/2023,6,ODF12441_BU_06,44.77209,122.37801,1887,13:15,75.9,38.8,S,1,2,3,2,38,218,1,1,1,31.7,1.614,20.7,1.441,21.7,1.452,24.7,1,Two massive downed trees caused major canopy gap
273,ODF,,12441,BU,4/27/2023,7,ODF12441_BU_07,44.77233,122.3775,1970,12:50,75.1,41.9,S,1,1,3,1,55,235,1,0.5,0,35.9,1.688,30.6,1.596,19.2,1.417,28.56666667,0.5,Hellscape subplot of salmonberry-- very little DWD with rocky substrate
274,BLM,,10302,UU,5/1/2023,1,BLM10302_UU_01,45.148262,122.327983,2571,9:15,43.2,81.7,C,4,1,1,2,91,271,4,3,3,22.4,1.467,19.8,1.426,20.1,1.431,20.76666667,3.333333333,Some burn! Older fire?- JW
275,BLM,,10302,UU,5/1/2023,2,BLM10302_UU_02,45.148469,122.327512,2584,9:45,42.8,84,C,4,1,2,1,112,292,2,3,2,19.1,1.416,16.7,1.379,11,1.289,15.6,2.333333333,
276,BLM,,10302,UU,5/1/2023,3,BLM10302_UU_03,45.14794,122.32777,2595,9:18,42.3,85.9,C,3,1,2,4,120,300,2,1,1,15.6,1.362,11.6,1.298,14.5,1.344,13.9,1.333333333,Slight char on DWD
277,BLM,,10302,UU,5/1/2023,4,BLM10302_UU_04,45.14809,122.32824,2618,9:39,40.7,88.9,C,4,1,1,4,120,300,2,1,0,17.1,1.386,12.5,1.311,12.4,1.309,14,1,Some char
278,BLM,,10302,UU,5/1/2023,5,BLM10302_UU_05,45.14826,122.32848,2650,9:59,43.1,85.6,C,4,2,1,4,120,300,1,0,2,13.3,1.325,13.7,1.33,27.3,1.544,18.1,1,
279,BLM,,10302,UU,5/1/2023,6,BLM10302_UU_06,45.14867,122.328,2595,9:45,45.6,83.4,C,4,1,1,3,104,284,4,2,4,10.8,1.284,22,1.461,12.2,1.307,15,3.333333333,
280,BLM,,10302,UU,5/1/2023,7,BLM10302_UU_07,45.14852,122.32759,2638,10:15,41.5,90.2,R,4,2,1,2,97,277,2,4,2,15.1,1.354,17.6,1.392,10.9,1.286,14.53333333,2.666666667,
281,ODF,,12098,BU,5/2/2023,1,ODF12098_BU_01,44.81936,122.6042,1602,9:48,51.4,74.6,C,1,1,4,1,270,90,1,1,0.5,27.6,1.548,29.4,1.578,27.7,1.551,28.23333333,0.833333333,
282,ODF,,12098,BU,5/2/2023,2,ODF12098_BU_02,44.81948,122.60449,1611,10:11,52.3,76.7,C,3,1,4,2,270,90,T,0.5,T,26.6,1.535,23.5,1.485,24.6,1.502,24.9,0.5,
283,ODF,,12098,BU,5/2/2023,3,ODF12098_BU_03,44.81949,122.60403,1630,10:10,52.9,70.1,C,3,2,3,2,277,97,0.5,T,T,36,1.689,24.4,1.484,27.8,1.552,29.4,0.5,
284,ODF,,12098,BU,5/2/2023,4,ODF12098_BU_04,44.819112,122.60378,1592,10:30,53.9,75.6,PC,3,1,4,1,265,85,1,1,1,15.6,1.362,13,1.32,20,1.431,16.2,1,All logs dry and severely burned
285,ODF,,12098,BU,5/2/2023,5,ODF12098_BU_05,44.81903,122.60396,1583,10:55,54.4,73.6,C,2,2,3,2,272,92,0.5,0.5,T,11.2,1.291,23.9,1.491,24.6,1.502,19.9,0.5,
286,ODF,,12098,BU,5/2/2023,6,ODF12098_BU_06,44.818922,122.604287,1570,10:00,52.9,73.4,PC,1,2,4,1,306,126,0.5,0.5,5,17.7,1.395,25.7,1.519,28.4,1.561,23.93333333,2,
287,ODF,,12098,BU,5/2/2023,7,ODF12098_BU_07,44.819108,122.604376,1600,10:32,53.6,75,PC,1,1,4,1,295,115,T,1,0.5,30.4,1.594,18.5,1.407,23.2,1.479,24.03333333,0.75,Trees scorched 10-15' high -JW
288,ODF,,12349,BU,5/2/2023,1,ODF12349_BU_01,44.81345,122.61021,1511,12:50,55.4,76.5,C,1,1,3,1,185,5,2,1,3,15.1,1.353,16.1,1.369,10.6,1.281,13.93333333,2,
289,ODF,,12349,BU,5/2/2023,2,ODF12349_BU_02,44.81327,122.61029,1530,13:15,55.4,72.4,C,2,1,2,1,191,11,T,2,T,11.5,1.295,12.7,1.314,10,1.27,11.4,2,
290,ODF,,12349,BU,5/2/2023,3,ODF12349_BU_03,44.81364,122.6106,1562,12:55,55.3,73.7,C,1,1,4,1,180,0,1,T,1,22.5,1.46,17,1.383,24.6,1.502,21.36666667,1,
291,ODF,,12349,BU,5/2/2023,4,ODF12349_BU_04,44.81396,122.6105,1519,13:16,53.4,79,C,1,2,4,2,180,0,T,T,2,17.9,1.397,26.6,1.533,25.2,1.511,23.23333333,2,
292,ODF,,12349,BU,5/2/2023,5,ODF12349_BU_05,44.81376,122.61007,1500,13:45,56,75.1,C,1,1,4,2,180,0,2,2,1,14.9,1.351,25.1,1.51,19.5,1.423,19.83333333,1.666666667,
293,ODF,,12349,BU,5/2/2023,6,ODF12349_BU_06,44.813375,122.609836,1532,13:00,56.7,79,C,1,1,4,1,218,38,T,1,2,8.3,1.241,18.4,1.405,17.4,1.389,14.7,1.5,
294,ODF,,12349,BU,5/2/2023,7,ODF12349_BU_07,44.813141,122.609918,1520,13:25,55.8,72.9,C,1,1,4,2,205,25,1,T,3,20.1,1.431,10.6,1.281,14,1.336,14.9,2,"Lots of bleeding heart, woodsorrel"
295,WY,,10968,HU,5/3/2023,1,WY10968_HU_01,45.019687,122.413868,2641,9:10,56.5,77.4,PC,0,1,2,3,200,20,0,1,0,13.9,1.335,14,1.336,25.7,1.519,17.86666667,0.333333333,Lots of twigs/branches and dead grass
296,WY,,10968,HU,5/3/2023,2,WY10968_HU_02,45.019502,122.414072,2660,9:30,60.4,68.3,S,0,1,2,2,210,30,0,2,1,22.5,1.469,19.8,1.426,11.9,1.301,18.06666667,1,
297,WY,,10968,HU,5/3/2023,3,WY10968_HU_03,45.01973,122.41426,2650,9:23,59.5,72.3,S,0,2,1,4,230,40,0,2,1,17.4,1.389,23.7,1.487,16.1,1.369,19.06666667,1,
298,WY,,10968,HU,5/3/2023,4,WY10968_HU_04,45.01998,122.41393,2637,9:47,59.8,65.9,S,0,1,1,2,230,50,0,0,1,15.9,1.366,13.3,1.325,12.9,1.318,14.03333333,0.333333333,
299,WY,,10968,HU,5/3/2023,5,WY10968_HU_05,45.019826,122.413548,2601,10:00,59.6,68.7,PC,0,1,1,3,208,28,2,1,1,10.8,1.283,12,1.303,14.5,1.344,12.43333333,1.333333333,lots of twig cover. steeper slope than other plots. 50m from riparian
300,WY,,10968,HU,5/3/2023,6,WY10968_HU_06,45.01962,122.41336,2633,9:55,59,69.4,PC,0,1,1,3,226,46,1,0,0,13.9,1.335,15.6,1.361,17.9,1.398,15.8,0.333333333,
301,WY,,10968,HU,5/3/2023,7,WY10968_HU_07,45.01937,122.41367,2654,9:30,58.8,67.6,S,0,1,1,4,246,66,2,1,0,10.1,1.272,11,1.289,14.9,1.349,12,1,"Dry, thin branches covering whole subplot"
302,WY,,10153,BS,5/4/2023,1,WY10153_BS_01,45.11827,122.34462,2725,10:30,45.2,91.4,R,0,2,2,2,330,150,T,T,T,15.9,1.365,17.9,1.398,23,1.477,18.93333333,#DIV/0!,
303,WY,,10153,BS,5/4/2023,2,WY10153_BS_02,45.11856,122.34462,2742,11:00,44.7,94.9,R,0,2,3,1,330,150,T,0,0,20.4,1.435,29.8,1.584,15.4,1.359,21.86666667,0,"4X log rounds 18-24in diameter, class 2/2/3 <1 foot thick "
304,WY,,10153,BS,5/4/2023,3,WY10153_BS_03,45.11854,122.34429,2736,10:45,46,90,R,0,1,3,1,302,122,1,1,1,27.6,1.548,28.4,1.561,34.3,1.66,30.1,1,
305,WY,,10153,BS,5/4/2023,4,WY10153_BS_04,45.11827,122.34402,2715,11:00,46,92.6,R,0,1,2,1,315,135,T,1,1,21.3,1.45,29.4,1.578,30.4,1.594,27.03333333,1,
306,WY,,10153,BS,5/4/2023,5,WY10153_BS_05,45.118,122.34437,2707,11:30,44.2,96.9,R,0,1,2,1,305,125,0,T,T,19.3,1.419,22.3,1.466,21.5,1.453,21.03333333,0,very rocky substrate
307,WY,,10153,BS,5/4/2023,6,WY10153_BS_06,45.118024,122.344716,2705,10:30,50.3,87,R,0,2,2,3,334,154,T,T,T,31.5,1.612,32.3,1.625,24.4,1.499,29.4,#DIV/0!,
308,WY,,10153,BS,5/4/2023,7,WY10153_BS_07,45.118355,122.334962,2692,11:03,44.4,96.2,R,0,1,3,3,334,154,0,0,1,28.2,1.559,24.8,1.504,41.8,1.802,31.6,0.333333333,
309,BLM,,10439,UU,5/4/2023,1,BLM10439_UU_01,45.141325,122.350265,2812,13:40,44.8,100,R,4,3,2,1,146,326,2,1,2,25.9,1.522,27.4,1.545,24.6,1.501,25.96666667,1.666666667,
310,BLM,,10439,UU,5/4/2023,2,BLM10439_UU_02,45.1409,122.350091,2761,14:20,44.3,100,R,4,3,1,2,138,318,1,2,4,22.8,1.473,20.6,1.439,15.9,1.366,19.76666667,2.333333333,
311,BLM,,10439,UU,5/4/2023,3,BLM10439_UU_03,45.14094,122.350611,2720,13:55,44.5,99.5,R,4,2,1,4,150,330,4,2,3,20.7,1.441,15.5,1.359,22.7,1.472,19.63333333,3,
312,BLM,,10439,UU,5/4/2023,4,BLM10439_UU_04,45.141264,122.350761,2759,14:30,45,99.8,R,3,2,1,4,150,330,2,1,2.5,21,1.446,31.3,1.609,29.8,1.585,27.36666667,1.833333333,
313,BLM,,10439,UU,5/4/2023,5,BLM10439_UU_05,45.141539,122.350516,2808,14:55,46.3,95.4,C,2,2,1,4,150,330,2,1,1.5,25.9,1.522,25.9,1.521,33.9,1.651,28.56666667,1.5,
314,BLM,,10439,UU,5/4/2023,6,BLM10439_UU_06,45.14148,122.35032,2778,14:36,46,100,R,4,1,4,1,105,285,0,2,2,22.9,1.476,35.6,1.682,35.4,1.679,31.3,1.333333333,"Subplot dominated by sword fern, save for three big logs at top of area. Extremely foggy."
315,BLM,,10439,UU,5/4/2023,7,BLM10439_UU_07,45.14109,122.34996,2802,14:10,43.8,100,R,4,1,1,3,115,275,2,4,2,22.1,1.463,25.1,1.516,26.7,1.534,24.63333333,2.666666667,Small sticks throughout subplot
316,ODF,,12805,BU,5/8/2023,1,ODF12805_BS_01,44.82108,122.60849,1790,8:25,48.7,78.2,R,2,1,3,1,5,185,0,T,0,25.4,1.515,22.9,1.476,24.1,1.494,24.13333333,0,
317,ODF,,12805,BU,5/8/2023,2,ODF12805_BS_02,44.821428,122.607786,1781,9:20,44.4,92.6,C,1,3,3,2,52,232,2,3,1,28.8,1.568,29.5,1.579,13.2,1.322,23.83333333,2,Moved ~45m from plot  1 due to snag at 35m
318,ODF,,12805,BU,5/8/2023,3,ODF12805_BS_03,44.82091,122.6081,1744,8:25,45.3,91.5,R,1,1,4,4,0,180,T,1,0,32.3,1.625,26.2,1.527,25.5,1.516,28,0.5,"Dominant veg Rubus spp. (splitleaf, european, native)"
319,ODF,,12805,BU,5/8/2023,4,ODF12805_BS_04,44.82051,122.60854,1736,8:50,45.5,92.8,R,1,1,4,4,0,180,4,2,T,17.6,1.374,24.6,1.502,18.6,1.408,20.26666667,3,Char 15-30ft up trees. L4 massive (d=1m). Veg same as P3 + O. grape
320,ODF,,12805,BU,5/8/2023,5,ODF12805_BS_05,44.82081,122.60886,1755,9:15,44.6,98.5,C,2,1,4,4,0,180,T,2,2,18.5,1.404,23.2,1.479,24.5,1.499,22.06666667,2,char 30ft up live tree. veg same as P4.
321,ODF,,12805,BU,5/8/2023,6,ODF12805_BS_06,44.821126,122.609061,1734,8:40,49.5,81.5,R,1,1,4,1,18,198,0,T,T,27.9,1.553,20.3,1.435,25.5,1.516,24.56666667,0,Rubus on ground. Char 10ft up trees in plot
322,ODF,,12805,BU,5/8/2023,7,ODF12805_BS_07,44.82137,122.60832,1803,8:55,45.9,94.4,R,3,2,2,1,5,185,T,1,T,19.5,1.422,23.8,1.489,21.1,1.447,21.46666667,1,Massive (d=4ft) fallen tree in plot. Three other big (d>2.5ft) logs as well. 
323,,,,,,,,,,,,50.9,,,,,,,,,,,,,,,,,,#DIV/0!,#DIV/0!,
324,,,,,,,,,,,,51.9,,,,,,,,,,,,,,,,,,#DIV/0!,#DIV/0!,
325,,,,,,,,,,,,52.9,,,,,,,,,,,,,,,,,,#DIV/0!,#DIV/0!,
326,,,,,,,,,,,,53.9,,,,,,,,,,,,,,,,,,#DIV/0!,#DIV/0!,
327,,,,,,,,,,,,54.9,,,,,,,,,,,,,,,,,,#DIV/0!,#DIV/0!,
328,,,,,,,,,,,,55.9,,,,,,,,,,,,,,,,,,#DIV/0!,#DIV/0!,
329,,,,,,,,,,,,56.9,,,,,,,,,,,,,,,,,,#DIV/0!,#DIV/0!,
330,,,,,,,,,,,,65.8,,,,,,,,,,,,,,,,,,#DIV/0!,#DIV/0!,
331,,,,,,,,,,,,65.8,,,,,,,,,,,,,,,,,,#DIV/0!,#DIV/0!,
332,,,,,,,,,,,,65.8,,,,,,,,,,,,,,,,,,#DIV/0!,#DIV/0!,
333,,,,,,,,,,,,65.8,,,,,,,,,,,,,,,,,,#DIV/0!,#DIV/0!,
334,,,,,,,,,,,,65.8,,,,,,,,,,,,,,,,,,#DIV/0!,#DIV/0!,
335,,,,,,,,,,,,66,,,,,,,,,,,,,,,,,,#DIV/0!,#DIV/0!,
336,,,,,,,,,,,,67,,,,,,,,,,,,,,,,,,#DIV/0!,#DIV/0!,
337,,,,,,,,,,,,72,,,,,,,,,,,,,,,,,,#DIV/0!,#DIV/0!,
338,,,,,,,,,,,,74,,,,,,,,,,,,,,,,,,#DIV/0!,#DIV/0!,
339,,,,,,,,,,,,75,,,,,,,,,,,,,,,,,,#DIV/0!,#DIV/0!,
340,,,,,,,,,,,,80,,,,,,,,,,,,,,,,,,#DIV/0!,#DIV/0!,
341,,,,,,,,,,,,80,,,,,,,,,,,,,,,,,,#DIV/0!,#DIV/0!,
342,,,,,,,,,,,,81,,,,,,,,,,,,,,,,,,#DIV/0!,#DIV/0!,
343,,,,,,,,,,,,78,,,,,,,,,,,,,,,,,,#DIV/0!,#DIV/0!,
344,,,,,,,,,,,,80,,,,,,,,,,,,,,,,,,#DIV/0!,#DIV/0!,
345,,,,,,,,,,,,80,,,,,,,,,,,,,,,,,,#DIV/0!,#DIV/0!,
346,,,,,,,,,,,,76,,,,,,,,,,,,,,,,,,#DIV/0!,#DIV/0!,
347,,,,,,,,,,,,76,,,,,,,,,,,,,,,,,,#DIV/0!,#DIV/0!,
348,,,,,,,,,,,,75,,,,,,,,,,,,,,,,,,#DIV/0!,#DIV/0!,
349,,,,,,,,,,,,74,,,,,,,,,,,,,,,,,,#DIV/0!,#DIV/0!,
350,,,,,,,,,,,,76,,,,,,,,,,,,,,,,,,#DIV/0!,#DIV/0!,
351,,,,,,,,,,,,76,,,,,,,,,,,,,,,,,,#DIV/0!,#DIV/0!,
352,,,,,,,,,,,,76,,,,,,,,,,,,,,,,,,#DIV/0!,#DIV/0!,
353,,,,,,,,,,,,72,,,,,,,,,,,,,,,,,,#DIV/0!,#DIV/0!,
354,,,,,,,,,,,,79,,,,,,,,,,,,,,,,,,#DIV/0!,#DIV/0!,
355,,,,,,,,,,,,71,,,,,,,,,,,,,,,,,,#DIV/0!,#DIV/0!,
356,,,,,,,,,,,,72,,,,,,,,,,,,,,,,,,#DIV/0!,#DIV/0!,
357,,,,,,,,,,,,70,,,,,,,,,,,,,,,,,,#DIV/0!,#DIV/0!,
358,,,,,,,,,,,,72,,,,,,,,,,,,,,,,,,#DIV/0!,#DIV/0!,
359,,,,,,,,,,,,67,,,,,,,,,,,,,,,,,,#DIV/0!,#DIV/0!,
360,,,,,,,,,,,,68,,,,,,,,,,,,,,,,,,#DIV/0!,#DIV/0!,
361,,,,,,,,,,,,69,,,,,,,,,,,,,,,,,,#DIV/0!,#DIV/0!,
362,,,,,,,,,,,,68,,,,,,,,,,,,,,,,,,#DIV/0!,#DIV/0!,
363,,,,,,,,,,,,69,,,,,,,,,,,,,,,,,,#DIV/0!,#DIV/0!,
364,,,,,,,,,,,,70,,,,,,,,,,,,,,,,,,#DIV/0!,#DIV/0!,
365,,,,,,,,,,,,71,,,,,,,,,,,,,,,,,,#DIV/0!,#DIV/0!,
,,,,,,,,,,,,,,,,,,,,,,,,,,,,,,#DIV/0!,#DIV/0!,
,,,,,,,,,,,,,,,,,,,,,,,,,,,,,,#DIV/0!,#DIV/0!,
,,,,,,,,,,,,,,,,,,,,,,,,,,,,,,#DIV/0!,#DIV/0!,
,,,,,,,,,,,,,,,,,,,,,,,,,,,,,,#DIV/0!,#DIV/0!,
,,,,,,,,,,,,,,,,,,,,,,,,,,,,,,#DIV/0!,#DIV/0!,
,,,,,,,,,,,,,,,,,,,,,,,,,,,,,,#DIV/0!,#DIV/0!,
,,,,,,,,,,,,,,,,,,,,,,,,,,,,,,#DIV/0!,#DIV/0!,
,,,,,,,,,,,,,,,,,,,,,,,,,,,,,,#DIV/0!,#DIV/0!,
,,,,,,,,,,,,,,,,,,,,,,,,,,,,,,#DIV/0!,#DIV/0!,
,,,,,,,,,,,,,,,,,,,,,,,,,,,,,,#DIV/0!,#DIV/0!,
,,,,,,,,,,,,,,,,,,,,,,,,,,,,,,#DIV/0!,#DIV/0!,
,,,,,,,,,,,,,,,,,,,,,,,,,,,,,,#DIV/0!,#DIV/0!,
,,,,,,,,,,,,,,,,,,,,,,,,,,,,,,#DIV/0!,#DIV/0!,
,,,,,,,,,,,,,,,,,,,,,,,,,,,,,,#DIV/0!,#DIV/0!,
,,,,,,,,,,,,,,,,,,,,,,,,,,,,,,#DIV/0!,#DIV/0!,
,,,,,,,,,,,,,,,,,,,,,,,,,,,,,,#DIV/0!,#DIV/0!,
,,,,,,,,,,,,,,,,,,,,,,,,,,,,,,#DIV/0!,#DIV/0!,
,,,,,,,,,,,,,,,,,,,,,,,,,,,,,,#DIV/0!,#DIV/0!,
